Summary,Issue Type,Priority,Description,Story Points,Sprint,Epic Name,Epic Link
Setup & Infraestrutura Flutter,Epic,High,"Configurar projeto Flutter base com suporte a Android, iOS e Web: tema, roteamento, HTTP client e armazenamento seguro de JWT",,,,
Autenticação,Epic,High,"Telas e lógica de autenticação: boas-vindas, login, registro e logout com JWT",,,,
Dashboard,Epic,High,"Tela principal com saldo mensal, entradas, saídas, gráfico semanal e transações recentes",,,,
Transações,Epic,High,"Listagem paginada e criação de transações financeiras integrada ao backend",,,,
Gráficos e Análises,Epic,Medium,"Tela de análise com gráfico de barras semanal e pizza por categoria com filtros de período",,,,
Metas — Backend Spring Boot,Epic,High,"Endpoints REST para CRUD de metas financeiras com persistência no PostgreSQL e segurança por JWT",,,,
Metas — Flutter,Epic,High,"Tela de metas com CRUD completo, progresso visual, alocação de valor e card motivacional",,,,
Perfil & WhatsApp Linking,Epic,High,"Tela de perfil com dados do usuário, vinculação de WhatsApp, toggle de tema e logout",,,,
QA & Deploy,Epic,Medium,"Testes de widget, CI/CD via GitHub Actions e build para Android, iOS e Web",,,,
Criar projeto Flutter com targets android/ios/web,Task,High,"Executar flutter create com suporte a Android, iOS e Web. Verificar que o app compila e roda nas 3 plataformas sem erros.",2,Sprint 1 — Setup & Autenticação,,Setup & Infraestrutura Flutter
"Definir estrutura de pastas (features/, core/, shared/)",Task,High,"Organizar o projeto em features/ (auth, dashboard, transactions, charts, goals, profile), core/ (theme, router, http) e shared/ (widgets, utils, constants).",1,Sprint 1 — Setup & Autenticação,,Setup & Infraestrutura Flutter
"Adicionar dependências: go_router, flutter_riverpod, dio, flutter_secure_storage, fl_chart, intl",Task,High,"Adicionar ao pubspec.yaml: go_router (roteamento), flutter_riverpod (estado), dio (HTTP), flutter_secure_storage (JWT), fl_chart (gráficos), intl (formatação BRL). Executar flutter pub get.",2,Sprint 1 — Setup & Autenticação,,Setup & Infraestrutura Flutter
"Configurar tema global: primaryColor #642a91, fonte Gabarito, suporte a dark mode",Task,High,"Criar AppTheme com ThemeData (light e dark). Registrar fonte Gabarito via pubspec.yaml (copiar TTF do projeto React). Definir paleta de cores como constantes reutilizáveis.",3,Sprint 1 — Setup & Autenticação,,Setup & Infraestrutura Flutter
Configurar assets: logos e imagens do app,Task,Medium,"Copiar piggy-logo.png, piggy-mascot.png, piggy-logo-white.png, coins-blue.png e welcome-bg.png do projeto React para assets/. Registrar no pubspec.yaml.",1,Sprint 1 — Setup & Autenticação,,Setup & Infraestrutura Flutter
Configurar cliente HTTP Dio com interceptor de Bearer token,Task,High,"Criar DioClient singleton com baseUrl configurável por environment. Adicionar interceptor que injeta Authorization: Bearer <token> em todas as requisições autenticadas. Tratar 401 redirecionando para /welcome.",2,Sprint 1 — Setup & Autenticação,,Setup & Infraestrutura Flutter
Configurar armazenamento seguro de JWT (flutter_secure_storage),Task,High,"Criar AuthStorage com métodos saveToken, getToken e clearToken usando flutter_secure_storage. Garantir funcionamento em Android, iOS e Web (Web usa localStorage como fallback).",2,Sprint 1 — Setup & Autenticação,,Setup & Infraestrutura Flutter
"Configurar go_router com rotas públicas e protegidas (redirect guard)",Task,High,"Definir rotas: /welcome, /login, /register (públicas) e /, /transactions, /add, /charts, /goals, /profile (protegidas). Implementar redirect que lê token de AuthStorage e redireciona para /welcome se ausente.",3,Sprint 1 — Setup & Autenticação,,Setup & Infraestrutura Flutter
Configurar tratamento global de erros via SnackBar,Task,Medium,"Criar AppErrorHandler utilitário que recebe DioException ou Exception e exibe mensagem amigável via ScaffoldMessenger. Mapear status 401, 403, 404 e 500 para mensagens em português.",2,Sprint 1 — Setup & Autenticação,,Setup & Infraestrutura Flutter
Criar Dockerfile multi-stage para build Flutter Web com nginx,Task,Medium,"Criar Dockerfile: stage 1 instala Flutter SDK e executa flutter build web --release, stage 2 copia /web para nginx. Adaptar entry no docker-compose.yml (./frontend) para apontar para novo Dockerfile.",2,Sprint 1 — Setup & Autenticação,,Setup & Infraestrutura Flutter
"Como usuário, quero ver a tela de boas-vindas para escolher entre login e cadastro",Story,High,"Tela estática de apresentação do app com logo, mascote animado e dois botões de ação claros.",2,Sprint 1 — Setup & Autenticação,,Autenticação
"Implementar tela Welcome: logo, mascote animado e botões Login/Registro",Task,High,"Construir WelcomePage com: logo centralizado, mascote (AnimatedContainer com efeito bounce suave), botão primário Entrar (/login) e botão secundário Criar conta (/register) via go_router.",3,Sprint 1 — Setup & Autenticação,,Autenticação
"Como usuário, quero fazer login com email e senha",Story,High,"Formulário de login com validação de campos, estado de loading durante requisição e redirecionamento para Dashboard após sucesso.",3,Sprint 1 — Setup & Autenticação,,Autenticação
"Implementar tela Login: formulário com validação e loading state",Task,High,"Criar LoginPage com Form, TextFormField para email (validação de formato) e senha (obrigatório), ElevatedButton com CircularProgressIndicator durante chamada API e exibição de erro em caso de falha.",3,Sprint 1 — Setup & Autenticação,,Autenticação
Integrar POST /api/auth/login e salvar JWT no secure storage,Task,High,"Chamar POST /api/auth/login com email e senha. Salvar token retornado via AuthStorage.saveToken(). Navegar para / via go_router.go após sucesso. Exibir erro da API em caso de falha.",2,Sprint 1 — Setup & Autenticação,,Autenticação
"Como usuário, quero criar uma conta",Story,High,"Formulário de registro com nome, email e senha. Após cadastro bem-sucedido, login automático e redirecionamento para Dashboard.",3,Sprint 1 — Setup & Autenticação,,Autenticação
"Implementar tela Register: formulário (nome, email, senha) com validação",Task,High,"Criar RegisterPage com três TextFormField: nome (obrigatório), email (formato válido) e senha (mínimo 6 caracteres). Loading state durante chamada. Exibir erro de API.",3,Sprint 1 — Setup & Autenticação,,Autenticação
Integrar POST /api/auth/register com login automático pós-cadastro,Task,High,"Chamar POST /api/auth/register. Em caso de sucesso, chamar POST /api/auth/login com as mesmas credenciais, salvar token e navegar para Dashboard via go_router.go('/').",2,Sprint 1 — Setup & Autenticação,,Autenticação
"Implementar BottomNavigationBar com abas: Dashboard, Transações, +, Gráficos, Metas, Perfil",Task,High,"Criar AppBottomNav widget com NavigationBar do Material 3. Abas: Dashboard (home), Transações (list), + (fab que navega para /add), Gráficos (bar_chart), Metas (flag), Perfil (person). Ocultar nas telas de auth.",3,Sprint 1 — Setup & Autenticação,,Autenticação
"Como usuário, quero ver meu saldo atual, entradas e saídas do mês",Story,High,"Card principal do Dashboard exibindo saldo atual em destaque, total de entradas e total de saídas do mês corrente formatados em BRL.",3,Sprint 2 — Dashboard & Transações,,Dashboard
Implementar BalanceCard com formatação BRL,Task,High,"Criar BalanceCard widget com saldo em texto grande e dois sub-cards (Entradas com ícone ArrowDownLeft, Saídas com ArrowUpRight). Formatar todos os valores com NumberFormat.currency(locale: 'pt_BR').",2,Sprint 2 — Dashboard & Transações,,Dashboard
"Integrar GET /api/v1/transactions/summary com filtro do mês atual",Task,High,"Chamar GET /api/v1/transactions/summary?startDate=YYYY-MM-01&endDate=YYYY-MM-DD calculando datas do mês atual. Mapear income, expense e balance para o BalanceCard via Riverpod AsyncNotifier.",2,Sprint 2 — Dashboard & Transações,,Dashboard
"Como usuário, quero ver as últimas transações no Dashboard",Story,High,"Lista compacta com as 3 transações mais recentes: ícone de categoria, descrição truncada, valor colorido e data.",2,Sprint 2 — Dashboard & Transações,,Dashboard
"Implementar RecentTransactionsList com ícone de categoria, descrição, valor e data",Task,High,"Criar RecentTransactionsList widget com ListView de 3 itens. Cada item: Container colorido com emoji da categoria, descrição (maxLines: 1), valor colorido (verde/vermelho) e data formatada (dd/MM).",3,Sprint 2 — Dashboard & Transações,,Dashboard
Integrar GET /api/v1/users/me para exibir nome do usuário no header,Task,Medium,"Chamar GET /api/v1/users/me após autenticação e armazenar UserModel no estado global via Riverpod. Exibir nome no header do Dashboard: 'Olá, {nome}'.",1,Sprint 2 — Dashboard & Transações,,Dashboard
Implementar mini gráfico de barras semanal no Dashboard,Task,Medium,"Criar WeeklyBarChart widget com fl_chart BarChart. Agrupar despesas das transações carregadas por dia da semana atual (Dom–Sáb). Exibir barras com cor primária e tooltip com valor em BRL.",3,Sprint 2 — Dashboard & Transações,,Dashboard
Implementar pull-to-refresh na tela Dashboard,Task,Low,"Envolver conteúdo do Dashboard em RefreshIndicator. Ao puxar para baixo, invalidar providers de summary, transações recentes e usuário para forçar recarregamento.",1,Sprint 2 — Dashboard & Transações,,Dashboard
"Como usuário, quero ver todas as minhas transações com paginação",Story,High,"Tela com lista completa de transações ordenadas por data, carregando mais itens automaticamente ao rolar até o fim.",3,Sprint 2 — Dashboard & Transações,,Transações
Implementar tela Transactions com lista paginada (infinite scroll),Task,High,"Criar TransactionsPage com ListView.builder. Detectar scroll próximo ao fim (controller.position.pixels >= maxScrollExtent - 200) e carregar próxima página. Exibir CircularProgressIndicator no rodapé durante carregamento.",5,Sprint 2 — Dashboard & Transações,,Transações
"Integrar GET /api/v1/transactions paginado (page=N, size=20)",Task,High,"Criar TransactionsNotifier (Riverpod AsyncNotifier) com estado acumulativo de páginas. Chamar GET /api/v1/transactions?page=N&size=20. Parar carregamento ao atingir última página (content.length < size).",2,Sprint 2 — Dashboard & Transações,,Transações
"Implementar TransactionCard: ícone categoria, descrição, valor, data",Task,High,"Criar TransactionCard widget reutilizável com: Container colorido com emoji da categoria, coluna com descrição (bold) e categoria (muted), valor formatado em BRL (verde para receita / vermelho para despesa) e data dd/MM.",3,Sprint 2 — Dashboard & Transações,,Transações
"Como usuário, quero adicionar uma nova transação",Story,High,"Tela de formulário para criar transação com seleção de tipo (receita/despesa), descrição, valor e categoria (apenas para despesas).",3,Sprint 2 — Dashboard & Transações,,Transações
"Implementar tela AddTransaction: toggle tipo, campo descrição e valor",Task,High,"Criar AddTransactionPage com SegmentedButton para Receita/Despesa, TextFormField para descrição e TextFormField numérico com inputFormatters para valor monetário. Botão Salvar com loading state.",3,Sprint 2 — Dashboard & Transações,,Transações
Implementar seletor de categoria para transações do tipo Despesa,Task,High,"Criar CategorySelector widget com Wrap de ChoiceChip para as 9 categorias (Alimentação, Transporte, Moradia, Saúde, Educação, Lazer, Assinaturas, Viagens, Outros). Exibir apenas quando tipo = Despesa.",3,Sprint 2 — Dashboard & Transações,,Transações
"Integrar POST /api/v1/transactions/app com mapeamento categoria → enum",Task,High,"Ao submeter, mapear categoria PT-BR para enum backend (ex: Alimentação → FOOD). Chamar POST /api/v1/transactions/app. Exibir SnackBar de sucesso ou erro. Mostrar loading durante chamada.",2,Sprint 2 — Dashboard & Transações,,Transações
Redirecionar e invalidar cache após criação de transação,Task,Medium,"Após criação com sucesso, chamar go_router.pop() e invalidar providers de transactions e summary no Riverpod para forçar recarregamento do Dashboard e da tela de Transações.",1,Sprint 2 — Dashboard & Transações,,Transações
"Como usuário, quero visualizar gastos por dia da semana",Story,Medium,"Gráfico de barras mostrando total de despesas agrupado por dia da semana atual, com valores formatados em BRL.",3,Sprint 3 — Gráficos e Análises,,Gráficos e Análises
Implementar WeeklyBarChart com fl_chart,Task,Medium,"Criar WeeklyBarChart usando fl_chart BarChart. Receber lista de transações e agrupar despesas por dia da semana (Dom–Sáb). Barras com cor primária, eixo X com iniciais dos dias e tooltip com valor em BRL.",5,Sprint 3 — Gráficos e Análises,,Gráficos e Análises
"Como usuário, quero ver a distribuição de gastos por categoria",Story,Medium,"Gráfico de pizza com percentual de cada categoria de despesa no período selecionado, acompanhado de legenda com cor e nome.",3,Sprint 3 — Gráficos e Análises,,Gráficos e Análises
Implementar CategoryPieChart com legenda colorida,Task,Medium,"Criar CategoryPieChart usando fl_chart PieChart. Agrupar despesas por categoria e calcular percentual. Exibir legenda lateral com Container colorido, nome da categoria e percentual (ex: Alimentação 42%).",5,Sprint 3 — Gráficos e Análises,,Gráficos e Análises
"Como usuário, quero filtrar os gráficos por período",Story,Medium,"Seletor com três opções (Semana atual, Mês atual, Mês anterior) que atualiza ambos os gráficos.",2,Sprint 3 — Gráficos e Análises,,Gráficos e Análises
"Implementar PeriodSelector (Semana atual, Mês atual, Mês anterior)",Task,Medium,"Criar PeriodSelector widget com SegmentedButton ou ChoiceChip group. Ao selecionar período, calcular startDate/endDate correspondentes e atualizar provider de charts.",3,Sprint 3 — Gráficos e Análises,,Gráficos e Análises
Integrar GET /api/v1/transactions/summary e /transactions com datas dinâmicas,Task,Medium,"Criar ChartsNotifier que recebe período selecionado, calcula startDate/endDate e chama GET /api/v1/transactions/summary e GET /api/v1/transactions com os parâmetros corretos. Atualizar ambos os gráficos.",2,Sprint 3 — Gráficos e Análises,,Gráficos e Análises
Implementar ChartsPage com layout scrollável combinando os gráficos,Task,Medium,"Criar ChartsPage com SingleChildScrollView contendo: PeriodSelector, título 'Gastos por dia', WeeklyBarChart, título 'Por categoria', CategoryPieChart. Exibir loading e empty state.",3,Sprint 3 — Gráficos e Análises,,Gráficos e Análises
"[BACKEND] Criar migration V6: tabela goals",Task,High,"Criar V6__create_goals.sql: id UUID PRIMARY KEY DEFAULT gen_random_uuid(), user_id UUID NOT NULL REFERENCES users(id), name VARCHAR(100) NOT NULL, target_amount NUMERIC(12,2) NOT NULL, current_amount NUMERIC(12,2) NOT NULL DEFAULT 0, icon VARCHAR(10) NOT NULL DEFAULT '🎯', created_at TIMESTAMP WITH TIME ZONE NOT NULL DEFAULT NOW(). Adicionar índice em user_id.",2,Sprint 4 — Metas,,Metas — Backend Spring Boot
"[BACKEND] Criar model Goal.java com @ManyToOne User",Task,High,"Criar entidade Goal.java com @Entity @Table(name='goals'). Mapear todos os campos com @Column. Adicionar @ManyToOne @JoinColumn(name='user_id') para User. Usar @GeneratedValue com UUID.",2,Sprint 4 — Metas,,Metas — Backend Spring Boot
"[BACKEND] Criar GoalRepository.java (JPA)",Task,High,"Criar interface GoalRepository extends JpaRepository<Goal, UUID>. Adicionar método findAllByUserIdOrderByCreatedAtDesc(UUID userId) retornando List<Goal>. Adicionar existsByIdAndUserId para validação de ownership.",1,Sprint 4 — Metas,,Metas — Backend Spring Boot
"[BACKEND] Criar DTOs: GoalRequest, GoalResponse e GoalProgressRequest",Task,High,"Criar GoalRequest (name @NotBlank @Size(max=100), targetAmount @Positive, currentAmount @PositiveOrZero, icon @Size(max=10)). Criar GoalResponse (id, name, targetAmount, currentAmount, icon, createdAt, percentComplete calculado). Criar GoalProgressRequest (amount @Positive).",2,Sprint 4 — Metas,,Metas — Backend Spring Boot
"[BACKEND] Criar GoalService interface + GoalServiceImpl com validação de ownership",Task,High,"Implementar: createGoal(userId, GoalRequest), listGoals(userId), updateGoal(userId, goalId, GoalRequest), deleteGoal(userId, goalId) e addProgress(userId, goalId, GoalProgressRequest). Lançar UnauthorizedException se goal.userId != userId.",3,Sprint 4 — Metas,,Metas — Backend Spring Boot
"[BACKEND] Criar GoalController: POST, GET, PUT /{id}, DELETE /{id}, PATCH /{id}/progress",Task,High,"Criar GoalController @RestController @RequestMapping('/api/v1/goals'). Endpoints protegidos por JWT: POST (criar), GET (listar), PUT /{id} (editar), DELETE /{id} (apagar com 204), PATCH /{id}/progress (adicionar valor a currentAmount). Usar SecurityUtils.getCurrentUserId() para extrair userId.",3,Sprint 4 — Metas,,Metas — Backend Spring Boot
"[BACKEND] Garantir segurança por JWT: usuário acessa apenas suas próprias metas",Task,High,"Verificar em GoalServiceImpl que goal.getUserId().equals(currentUserId) antes de qualquer operação de leitura/escrita individual. Lançar UnauthorizedException (HTTP 403) caso contrário. Cobrir com testes unitários de ownership.",2,Sprint 4 — Metas,,Metas — Backend Spring Boot
"Como usuário, quero ver minhas metas financeiras com progresso visual",Story,High,"Lista de metas com card contendo emoji, nome da meta, barra de progresso colorida, percentual concluído e valor restante para atingir.",3,Sprint 4 — Metas,,Metas — Flutter
"Implementar GoalsPage: lista de GoalCards com progresso",Task,High,"Criar GoalsPage com ListView de GoalCard widgets. Cada GoalCard exibe: emoji em Container arredondado, nome, LinearProgressIndicator com cor primária, '42% concluído' e 'Faltam R$ X'. Menu ⋮ com opções Editar e Apagar.",5,Sprint 4 — Metas,,Metas — Flutter
Integrar GET /api/v1/goals com loading e empty state,Task,High,"Criar GoalsNotifier (Riverpod) que chama GET /api/v1/goals e expõe AsyncValue<List<GoalModel>>. GoalsPage exibe CircularProgressIndicator durante carregamento e empty state com mascote quando lista vazia.",2,Sprint 4 — Metas,,Metas — Flutter
"Como usuário, quero criar uma nova meta",Story,High,"Botão '+' abre dialog com picker de emoji, campo nome e campo valor alvo. Ao confirmar, meta é criada no backend e aparece na lista.",3,Sprint 4 — Metas,,Metas — Flutter
"Implementar CreateGoalDialog: picker de emoji, campos nome e valor alvo",Task,High,"Criar CreateGoalDialog com: Wrap de 8 emojis selecionáveis (🏠🚗✈️📱🎓💰🏖️🎯), TextFormField para nome (obrigatório), TextFormField numérico para valor alvo (> 0). Botão Criar Meta com loading state.",3,Sprint 4 — Metas,,Metas — Flutter
Integrar POST /api/v1/goals e atualizar lista,Task,High,"Ao confirmar criação, chamar POST /api/v1/goals. Em caso de sucesso, fechar dialog e invalidar GoalsNotifier para recarregar lista. Exibir SnackBar de sucesso.",1,Sprint 4 — Metas,,Metas — Flutter
"Como usuário, quero editar ou excluir uma meta existente",Story,Medium,"Menu de contexto (⋮) em cada card com opções Editar (abre dialog pré-preenchido) e Apagar (abre confirmação antes de deletar).",2,Sprint 4 — Metas,,Metas — Flutter
Implementar EditGoalDialog e ConfirmDeleteDialog,Task,Medium,"Criar EditGoalDialog com mesmo layout do de criação, pré-preenchido com dados da meta. Criar ConfirmDeleteDialog com AlertDialog padrão. Ambos com loading durante chamada e tratamento de erro.",3,Sprint 4 — Metas,,Metas — Flutter
"Integrar PUT /api/v1/goals/{id} e DELETE /api/v1/goals/{id}",Task,Medium,"Chamar PUT para salvar edições e DELETE para remover meta. Após cada operação com sucesso, invalidar GoalsNotifier e exibir SnackBar de confirmação.",2,Sprint 4 — Metas,,Metas — Flutter
"Como usuário, quero alocar valor para uma meta e ver o progresso atualizar",Story,High,"Botão 'Investir nesta meta' expande um campo de valor inline no card. Ao confirmar, o progresso é atualizado no backend e a barra anima.",2,Sprint 4 — Metas,,Metas — Flutter
Implementar input de alocação inline no GoalCard,Task,Medium,"Ao tocar em 'Investir nesta meta', expandir AnimatedContainer com TextField numérico e botão Alocar. Validar que valor > 0. Exibir erro inline se inválido.",2,Sprint 4 — Metas,,Metas — Flutter
"Integrar PATCH /api/v1/goals/{id}/progress",Task,Medium,"Chamar PATCH /api/v1/goals/{id}/progress com {amount: valor}. Atualizar o GoalModel localmente com otimistic update antes de recarregar a lista. Exibir SnackBar de sucesso.",1,Sprint 4 — Metas,,Metas — Flutter
Implementar MotivationCard com dica rotativa baseada na data,Task,Low,"Criar MotivationCard widget com fundo roxo e logo. Selecionar dica da lista de 7 itens usando índice determinístico (dayOfYear % 7). Exibir totais de valor guardado e metas concluídas quando goals > 0.",2,Sprint 4 — Metas,,Metas — Flutter
"Como usuário, quero ver e gerenciar meu perfil",Story,High,"Card com avatar, nome, email e plano atual. Seção de configurações com WhatsApp linking, toggle de tema, planos disponíveis e logout.",2,Sprint 5 — Perfil & WhatsApp,,Perfil & WhatsApp Linking
"Implementar ProfilePage: UserCard com nome, email e plano atual",Task,High,"Criar ProfilePage com UserCard (avatar circular com logo Piggy, nome e email do usuário, badge do plano atual). Abaixo, seção 'Planos disponíveis' com PlansSection estático.",3,Sprint 5 — Perfil & WhatsApp,,Perfil & WhatsApp Linking
Integrar GET /api/v1/users/me no perfil (reutilizar estado global),Task,High,"Consumir UserNotifier (Riverpod) já carregado no Dashboard para exibir nome e email na ProfilePage sem nova requisição.",1,Sprint 5 — Perfil & WhatsApp,,Perfil & WhatsApp Linking
"Como usuário, quero vincular meu WhatsApp para registrar transações por mensagem",Story,High,"Seção no perfil mostrando status do vínculo. Se não vinculado, botão gera código de 6 dígitos e exibe instruções. Se vinculado, exibe número mascarado.",5,Sprint 5 — Perfil & WhatsApp,,Perfil & WhatsApp Linking
"Implementar WhatsAppLinkingSection: status vinculado/não vinculado",Task,High,"Criar WhatsAppLinkingSection widget. Se UserModel.phoneNumber != null, exibir número mascarado (ex: +55 ** **** 1234) e badge 'Vinculado'. Se null, exibir botão 'Vincular WhatsApp'.",3,Sprint 5 — Perfil & WhatsApp,,Perfil & WhatsApp Linking
"Integrar POST /api/v1/users/whatsapp/link/generate e exibir código em dialog",Task,High,"Ao tocar em 'Vincular WhatsApp', chamar POST /api/v1/users/whatsapp/link/generate. Exibir código de 6 dígitos retornado em AlertDialog com instruções: 'Envie este código para [número do WhatsApp bot] via WhatsApp'.",2,Sprint 5 — Perfil & WhatsApp,,Perfil & WhatsApp Linking
"Implementar botão 'Já enviei' que verifica confirmação do vínculo",Task,Medium,"No dialog de código, adicionar botão 'Já enviei'. Ao tocar, chamar GET /api/v1/users/me e verificar se phoneNumber foi preenchido. Se sim, fechar dialog e atualizar status para Vinculado. Se não, exibir mensagem orientando aguardar.",2,Sprint 5 — Perfil & WhatsApp,,Perfil & WhatsApp Linking
"Como usuário, quero alternar entre tema claro e escuro",Story,Medium,"Toggle de tema acessível na tela Profile que persiste entre sessões do app.",1,Sprint 5 — Perfil & WhatsApp,,Perfil & WhatsApp Linking
Implementar ThemeNotifier com persistência via SharedPreferences,Task,Medium,"Criar ThemeNotifier (Riverpod StateNotifier<ThemeMode>). Ler ThemeMode salvo em SharedPreferences na inicialização. Salvar ao alterar. Conectar ao MaterialApp.themeMode. Exibir ToggleTile no Profile.",2,Sprint 5 — Perfil & WhatsApp,,Perfil & WhatsApp Linking
"Implementar PlansSection estática: Free, Plus e Pro com badge 'Em breve'",Task,Low,"Criar PlansSection com três PlanCard (Free R$0, Plus R$9,90/mês, Pro R$19,90/mês). Planos pagos exibem badge 'Em breve' e botão desabilitado (opacity 0.5). Plano atual com borda primária e label 'Seu plano atual'.",2,Sprint 5 — Perfil & WhatsApp,,Perfil & WhatsApp Linking
Implementar logout na ProfilePage,Task,High,"Botão 'Sair' que chama AuthStorage.clearToken(), invalida todos os providers Riverpod via ref.invalidate() e navega para /welcome via go_router.go() com replace para impedir voltar.",1,Sprint 5 — Perfil & WhatsApp,,Perfil & WhatsApp Linking
Configurar flutter_lints e corrigir todos os warnings estáticos,Task,Medium,"Adicionar flutter_lints ao dev_dependencies. Executar flutter analyze --fatal-infos. Corrigir todos os warnings reportados. Garantir zero issues antes de fechar a sprint.",2,Sprint 6 — QA & Deploy,,QA & Deploy
"Escrever testes de widget: WelcomePage, LoginPage, RegisterPage",Task,Medium,"Criar test/widget/auth_test.dart. WelcomePage: verifica renderização dos botões. LoginPage: submeter sem campos exibe erros de validação. RegisterPage: senha curta exibe erro. Usar mockito para mockar AuthService.",3,Sprint 6 — QA & Deploy,,QA & Deploy
"Escrever testes de widget: DashboardPage, AddTransactionPage",Task,Medium,"Criar test/widget/dashboard_test.dart. DashboardPage: renderiza BalanceCard com dados mockados via ProviderOverride. AddTransactionPage: toggle Despesa exibe CategorySelector, toggle Receita esconde.",3,Sprint 6 — QA & Deploy,,QA & Deploy
Escrever testes de widget: GoalsPage,Task,Medium,"Criar test/widget/goals_test.dart. GoalsPage: renderiza empty state quando lista vazia, renderiza GoalCard quando há metas, tocar em 'Adicionar meta' abre CreateGoalDialog, validação de campos obrigatórios no dialog.",3,Sprint 6 — QA & Deploy,,QA & Deploy
Configurar GitHub Actions: build Android (APK) + análise estática,Task,High,"Criar .github/workflows/android.yml: trigger em push/PR para main. Steps: checkout, subosito/setup-flutter, flutter pub get, flutter analyze, flutter test, flutter build apk --release. Upload artifact do APK.",3,Sprint 6 — QA & Deploy,,QA & Deploy
Configurar GitHub Actions: build Web (flutter build web),Task,High,"Criar .github/workflows/web.yml: mesmos steps de setup + flutter build web --release. Upload de build/web/ como artifact. Opcional: deploy para GitHub Pages em branch gh-pages.",2,Sprint 6 — QA & Deploy,,QA & Deploy
Atualizar Dockerfile e docker-compose para servir Flutter Web via nginx,Task,High,"Adaptar Dockerfile multi-stage do Sprint 1 com base no build web funcional. Verificar que docker-compose up serve o app corretamente em localhost. Testar que roteamento go_router funciona com nginx try_files.",2,Sprint 6 — QA & Deploy,,QA & Deploy
Validar build iOS (Xcode archive ou Codemagic),Task,High,"Executar flutter build ios --release --no-codesign. Documentar pré-requisitos (Xcode 15+, Apple Developer Account). Registrar resultado no checklist de release. Opcional: configurar Codemagic para CI iOS automatizado.",3,Sprint 6 — QA & Deploy,,QA & Deploy
"Teste de smoke Web: auth → dashboard → transação → meta → perfil",Task,High,"No browser (Chrome), executar: login com usuário real, verificar saldo no Dashboard, criar uma transação, criar uma meta e alocar valor, gerar código WhatsApp, fazer logout. Documentar resultado em checklist com screenshots.",2,Sprint 6 — QA & Deploy,,QA & Deploy
"Teste de smoke Android: mesmo fluxo end-to-end",Task,High,"Instalar APK em dispositivo físico ou emulador Android API 33+. Executar o mesmo fluxo do smoke web. Verificar ausência de crashes, comportamento de teclado, formatação de valores e responsividade.",2,Sprint 6 — QA & Deploy,,QA & Deploy
